{
  "project_info": {
    "project_number": "189032849301",
    "firebase_url": "https://bep-project-9dc40.firebaseio.com",
    "project_id": "bep-project-9dc40",
    "storage_bucket": "bep-project-9dc40.appspot.com"
  },
  "client": [
    {
      "client_info": {
        "mobilesdk_app_id": "1:189032849301:android:1e7f7d611a0977a2",
        "android_client_info": {
          "package_name": "com.hackathon.bep"
        }
      },
      "oauth_client": [
        {
          "client_id": "189032849301-tnssinm0pfnnducfa9099p5l8qhl8fha.apps.googleusercontent.com",
          "client_type": 1,
          "android_info": {
            "package_name": "com.hackathon.bep",
            "certificate_hash": "d35c031ea9926226f99b81b405b9e4aadbbf2450"
          }
        },
        {
          "client_id": "189032849301-t5f76ljf0jqdtllfmiu72cu5bn0d06q0.apps.googleusercontent.com",
          "client_type": 3
        }
      ],
      "api_key": [
        {
          "current_key": "AIzaSyAIhrvCa6Epmw6kZm0pKGFlvYlIbxZwfKs"
        }
      ],
      "services": {
        "appinvite_service": {
          "other_platform_oauth_client": [
            {
              "client_id": "189032849301-t5f76ljf0jqdtllfmiu72cu5bn0d06q0.apps.googleusercontent.com",
              "client_type": 3
            }
          ]
        }
      }
    }
  ],
  "configuration_version": "1"
}